header,sequence,T,seed,num_res,num_ligand_res,use_ligand_context,ligand_cutoff_distance,batch_size,number_of_batches,model_path,id,overall_confidence,ligand_confidence,seq_rec,combined_confidence,seq_id
"G4FP_r20_l2_cro_mod2, id=453, T=0.1, seed=42, overall_confidence=0.4435, ligand_confidence=0.4184, seq_rec=0.4348",HPGHLKGREIGMWYAEKQKKKLAKKVDIHIEADPENRGIRQHWREKYPLLDGSTLEADVEQQNTPIGDGPVLLPDNHYLSTQSKLSKDPNEKRDHMVLLEFVTAAGITLGMDELYKGGTGGSMVSKGEELFTGVVPILVELDGDVNGHKFSVSGEGEGDATYGKLTLKFICTTGKLPVPWPTLVTTLVQCFSRYPDHMKQHDFFKSAMPEGYVQERTIFFKDDGNYKTRAEVKFEGDTLVKRIELKGTGFKEDGPILGQKILFQSENPPELKGREISEYYRRKQGQ,0.1,42.0,,,,,,,,453.0,0.4435,0.4184,0.4348,0.43095,0
"G4FP_r20_l2_cro_mod2, id=4323, T=0.1, seed=42, overall_confidence=0.4435, ligand_confidence=0.4177, seq_rec=0.4239",HPGHLKGREIGMWYREKQKKKLAKTVDIHISADPANRGINQHWTEEYPLIDGSTLKADVHQQNTPIGDGPVLLPDNHYLSTQSKLSKDPNEKRDHMVLLEFVTAAGITLGMDELYKGGTGGSMVSKGEELFTGVVPILVELDGDVNGHKFSVSGEGEGDATYGKLTLKFICTTGKLPVPWPTLVTTLVQCFSRYPDHMKQHDFFKSAMPEGYVQERTIFFKDDGNYKTRAEVKFEGDTLVKRIELKGTGFKDDGPILGQKILFGSENPPELKGREISEYYKKKQGQ,0.1,42.0,,,,,,,,4323.0,0.4435,0.4177,0.4239,0.4306,1
"G4FP_r20_l2_cro_mod2, id=3062, T=0.1, seed=42, overall_confidence=0.4447, ligand_confidence=0.4162, seq_rec=0.4348",HPGHLKGREIGMWYREKQKKKLAEKVDIHIEADPANRGINQHWTREYPLKDGSTLIADVHQQNTPIGDGPVLLPDNHYLSTQSKLSKDPNEKRDHMVLLEFVTAAGITLGMDELYKGGTGGSMVSKGEELFTGVVPILVELDGDVNGHKFSVSGEGEGDATYGKLTLKFICTTGKLPVPWPTLVTTLVQCFSRYPDHMKQHDFFKSAMPEGYVQERTIFFKDDGNYKTRAEVKFEGDTLVSRIELKGTGFKEDGPILGQKILFGSENPPELKGREISEYYKKKQGQ,0.1,42.0,,,,,,,,3062.0,0.4447,0.4162,0.4348,0.43045,2
"G4FP_r20_l2_cro_mod2, id=1621, T=0.1, seed=42, overall_confidence=0.4391, ligand_confidence=0.4205, seq_rec=0.4457",HPGHLKGREIGMWYREKQKKKLAETVNINITADPANRGINQNWTRKYPLLDGSTLEADVQQQNTPIGDGPVLLPDNHYLSTQSKLSKDPNEKRDHMVLLEFVTAAGITLGMDELYKGGTGGSMVSKGEELFTGVVPILVELDGDVNGHKFSVSGEGEGDATYGKLTLKFICTTGKLPVPWPTLVTTLVQCFSRYPDHMKQHDFFKSAMPEGYVQERTIFFKDDGNYKTRAEVKFEGDTLVKRIELKGTGFKEDGPILGQKILFGSENPPELKGREISEYYRRKQGQ,0.1,42.0,,,,,,,,1621.0,0.4391,0.4205,0.4457,0.42979999999999996,3
"G4FP_r20_l2_cro_mod2, id=203, T=0.1, seed=42, overall_confidence=0.4463, ligand_confidence=0.4126, seq_rec=0.4239",HPGHLKGREIGMWYREKQKKKLAEKVDIHIEADPENRGIRQHWTRKFPLVDGSTLTADVEQQNTPIGDGPVLLPDNHYLSTQSKLSKDPNEKRDHMVLLEFVTAAGITLGMDELYKGGTGGSMVSKGEELFTGVVPILVELDGDVNGHKFSVSGEGEGDATYGKLTLKFICTTGKLPVPWPTLVTTLVQCFSRYPDHMKQHDFFKSAMPEGYVQERTIFFKDDGNYKTRAEVKFEGDTLVKRIELKGTGFKEDGPILGQKILFQSENPPELKGREISEYYRRKQGQ,0.1,42.0,,,,,,,,203.0,0.4463,0.4126,0.4239,0.42945,4
"G4FP_r20_l2_cro_mod2, id=3459, T=0.1, seed=42, overall_confidence=0.4377, ligand_confidence=0.4209, seq_rec=0.4239",HPGHLKGREIGMWYYEKQKKKLAEKVDIHIEADPANRGINQHWTRKLPLIDGSTLTADVQQQNTPIGDGPVLLPDNHYLSTQSKLSKDPNEKRDHMVLLEFVTAAGITLGMDELYKGGTGGSMVSKGEELFTGVVPILVELDGDVNGHKFSVSGEGEGDATYGKLTLKFICTTGKLPVPWPTLVTTLVQCFSRYPDHMKQHDFFKSAMPEGYVQERTIFFKDDGNYKTRAEVKFEGDTLVKRIELKGTGFKEDGPILGQKILFGSENPPELKGREISEYYRRKQGQ,0.1,42.0,,,,,,,,3459.0,0.4377,0.4209,0.4239,0.4293,5
"G4FP_r20_l2_cro_mod2, id=9816, T=0.1, seed=42, overall_confidence=0.4442, ligand_confidence=0.4139, seq_rec=0.4457",HPGHLKGREIGMWYREKQKKKLAETVDIHISADPANRGINQHWTRKYPLLDGSTLTADVEQQNTPIGDGPVLLPDNHYLSTQSKLSKDPNEKRDHMVLLEFVTAAGITLGMDELYKGGTGGSMVSKGEELFTGVVPILVELDGDVNGHKFSVSGEGEGDATYGKLTLKFICTTGKLPVPWPTLVTTLVQCFSRYPDHMKQHDFFKSAMPEGYVQERTIFFKDDGNYKTRAEVKFEGDTLVKRIELKGTGFKEDGPILGQKILFGSENPPHLKGREISEYYKKKQGQ,0.1,42.0,,,,,,,,9816.0,0.4442,0.4139,0.4457,0.42905,6
"G4FP_r20_l2_cro_mod2, id=7443, T=0.1, seed=42, overall_confidence=0.4399, ligand_confidence=0.4173, seq_rec=0.4348",HPGHLKGREIGMWYREKQKKKLAEKVDIHIEADPANRGINQHWRRLYPLLDGSTLEADVQQQNTPIGDGPVLLPDNHYLSTQSKLSKDPNEKRDHMVLLEFVTAAGITLGMDELYKGGTGGSMVSKGEELFTGVVPILVELDGDVNGHKFSVSGEGEGDATYGKLTLKFICTTGKLPVPWPTLVTTLVQCFSRYPDHMKQHDFFKSAMPEGYVQERTIFFKDDGNYKTRAEVKFEGDTLVSRIELKGTGFKEDGPILGQKILFGSENPPELKGREISEYYRKKQGQ,0.1,42.0,,,,,,,,7443.0,0.4399,0.4173,0.4348,0.4286,7
"G4FP_r20_l2_cro_mod2, id=7144, T=0.1, seed=42, overall_confidence=0.4371, ligand_confidence=0.4197, seq_rec=0.4239",HPGHLKGREIGMWYREKRSKKRAIKRKIHIEADPARRGIRQHWREEYPLLDGSTLIADVEQQNTPIGDGPVLLPDNHYLSTQSKLSKDPNEKRDHMVLLEFVTAAGITLGMDELYKGGTGGSMVSKGEELFTGVVPILVELDGDVNGHKFSVSGEGEGDATYGKLTLKFICTTGKLPVPWPTLVTTLVQCFSRYPDHMKQHDFFKSAMPEGYVQERTIFFKDDGNYKTRAEVKFEGDTLVKRIELKGTGFKEDGPILGQKILFGSENPPELKGREISEYYKKKQGQ,0.1,42.0,,,,,,,,7144.0,0.4371,0.4197,0.4239,0.4284,8
"G4FP_r20_l2_cro_mod2, id=7104, T=0.1, seed=42, overall_confidence=0.4444, ligand_confidence=0.4123, seq_rec=0.4348",HPGHLKGREIGMWYYEKQKKKLAEKVDIHITADPANRGINQHWTRKLPLLDGSTLTADVQQQNTPIGDGPVLLPDNHYLSTQSKLSKDPNEKRDHMVLLEFVTAAGITLGMDELYKGGTGGSMVSKGEELFTGVVPILVELDGDVNGHKFSVSGEGEGDATYGKLTLKFICTTGKLPVPWPTLVTTLVQCFSRYPDHMKQHDFFKSAMPEGYVQERTIFFKDDGNYKTRAEVKFEGDTLVKRIELKGTGFKEDGPILGQKILFGSENPPELKGREISEYYRKKQGQ,0.1,42.0,,,,,,,,7104.0,0.4444,0.4123,0.4348,0.42835,9
"G4FP_r20_l2_cro_mod2, id=4449, T=0.1, seed=42, overall_confidence=0.4432, ligand_confidence=0.4134, seq_rec=0.4348",HPGHLKGREIGMWYREKQKKKRAKTVKIHITADPANRGIRQHWTEEYELLDGSTLKADVEQQNTPIGDGPVLLPDNHYLSTQSKLSKDPNEKRDHMVLLEFVTAAGITLGMDELYKGGTGGSMVSKGEELFTGVVPILVELDGDVNGHKFSVSGEGEGDATYGKLTLKFICTTGKLPVPWPTLVTTLVQCFSRYPDHMKQHDFFKSAMPEGYVQERTIFFKDDGNYKTRAEVKFEGDTLVKRIELKGTGFKEDGPILGQKIKFGSENPPELKGREISEYYKKKQGQ,0.1,42.0,,,,,,,,4449.0,0.4432,0.4134,0.4348,0.4283,10
"G4FP_r20_l2_cro_mod2, id=1170, T=0.1, seed=42, overall_confidence=0.4437, ligand_confidence=0.4111, seq_rec=0.4348",HPGHLKGREIGMWYREKQKKKLAETVDIHISADPANRGINQHWTRKLPLLDGSTLEADVEQQNTPIGDGPVLLPDNHYLSTQSKLSKDPNEKRDHMVLLEFVTAAGITLGMDELYKGGTGGSMVSKGEELFTGVVPILVELDGDVNGHKFSVSGEGEGDATYGKLTLKFICTTGKLPVPWPTLVTTLVQCFSRYPDHMKQHDFFKSAMPEGYVQERTIFFKDDGNYKTRAEVKFEGDTLVKRIELKGTGFKEDGPILGQKILFGSENPPELKGREISEYYKKKQGQ,0.1,42.0,,,,,,,,1170.0,0.4437,0.4111,0.4348,0.4274,11
"G4FP_r20_l2_cro_mod2, id=1466, T=0.1, seed=42, overall_confidence=0.4434, ligand_confidence=0.4113, seq_rec=0.4457",HPGHLKGREIGMWYREKQKKKLAEKVNINISADPANRGINQNWTRKYPLKDGSTLTADVKQQNTPIGDGPVLLPDNHYLSTQSKLSKDPNEKRDHMVLLEFVTAAGITLGMDELYKGGTGGSMVSKGEELFTGVVPILVELDGDVNGHKFSVSGEGEGDATYGKLTLKFICTTGKLPVPWPTLVTTLVQCFSRYPDHMKQHDFFKSAMPEGYVQERTIFFKDDGNYKTRAEVKFEGDTLVKRIELKGTGFKEDGPILGQKILFGSENPPELKGREISEYYRQKQGQ,0.1,42.0,,,,,,,,1466.0,0.4434,0.4113,0.4457,0.42735,12
"G4FP_r20_l2_cro_mod2, id=5139, T=0.1, seed=42, overall_confidence=0.4434, ligand_confidence=0.4112, seq_rec=0.4348",HPGHLKGREIGMWYREKQSKKLAEKVDIHISADPANRGINQHWTRKYPLIDGSTLEADVQQQNTPIGDGPVLLPDNHYLSTQSKLSKDPNEKRDHMVLLEFVTAAGITLGMDELYKGGTGGSMVSKGEELFTGVVPILVELDGDVNGHKFSVSGEGEGDATYGKLTLKFICTTGKLPVPWPTLVTTLVQCFSRYPDHMKQHDFFKSAMPEGYVQERTIFFKDDGNYKTRAEVKFEGDTLVKRIELKGTGFKEDGPILGQKILFGSENPPELKGREISEYYRKKQGQ,0.1,42.0,,,,,,,,5139.0,0.4434,0.4112,0.4348,0.4273,13
"G4FP_r20_l2_cro_mod2, id=4560, T=0.1, seed=42, overall_confidence=0.4421, ligand_confidence=0.4116, seq_rec=0.4348",HPGHLKGREIGMWYAEKRKKKLAEKVDIHIEADPANRGIRQHWTRKLPLLDGSTLEADVEQQNTPIGDGPVLLPDNHYLSTQSKLSKDPNEKRDHMVLLEFVTAAGITLGMDELYKGGTGGSMVSKGEELFTGVVPILVELDGDVNGHKFSVSGEGEGDATYGKLTLKFICTTGKLPVPWPTLVTTLVQCFSRYPDHMKQHDFFKSAMPEGYVQERTIFFKDDGNYKTRAEVKFEGDTLVSRIELKGTGFKEDGPILGQKILFGSENPPELKGREISEYYRKKQGQ,0.1,42.0,,,,,,,,4560.0,0.4421,0.4116,0.4348,0.42685,14
"G4FP_r20_l2_cro_mod2, id=2292, T=0.1, seed=42, overall_confidence=0.4427, ligand_confidence=0.4110, seq_rec=0.4130",HPGHLKGREIGMWYREKRKKKLAEKVDIFIEADPANRGIRQHWTRELPLLDGSTLKADVEQQNTPIGDGPVLLPDNHYLSTQSKLSKDPNEKRDHMVLLEFVTAAGITLGMDELYKGGTGGSMVSKGEELFTGVVPILVELDGDVNGHKFSVSGEGEGDATYGKLTLKFICTTGKLPVPWPTLVTTLVQCFSRYPDHMKQHDFFKSAMPEGYVQERTIFFKDDGNYKTRAEVKFEGDTLVKRIELKGTGFKEDGPILGQKILFGSENPPELKGREISEYYRRKQGQ,0.1,42.0,,,,,,,,2292.0,0.4427,0.411,0.413,0.42684999999999995,15
"G4FP_r20_l2_cro_mod2, id=4036, T=0.1, seed=42, overall_confidence=0.4406, ligand_confidence=0.4128, seq_rec=0.4348",HPGHLKGREIGMWYREKQKKKLAKKVKINISADPANRGINQNWTEELPLKDGSTLKADVQQQNTPIGDGPVLLPDNHYLSTQSKLSKDPNEKRDHMVLLEFVTAAGITLGMDELYKGGTGGSMVSKGEELFTGVVPILVELDGDVNGHKFSVSGEGEGDATYGKLTLKFICTTGKLPVPWPTLVTTLVQCFSRYPDHMKQHDFFKSAMPEGYVQERTIFFKDDGNYKTRAEVKFEGDTLVKRIELKGTGFKEDGPILGQKILFQSENPPELKGREISEYYRRKQGQ,0.1,42.0,,,,,,,,4036.0,0.4406,0.4128,0.4348,0.42669999999999997,16
"G4FP_r20_l2_cro_mod2, id=7532, T=0.1, seed=42, overall_confidence=0.4413, ligand_confidence=0.4117, seq_rec=0.4457",HPGHLKGREIGMWYREKQKKKLAKEVKINISADPANRGINQNWTEKYPLLDGSTLEADVQQQNTPIGDGPVLLPDNHYLSTQSKLSKDPNEKRDHMVLLEFVTAAGITLGMDELYKGGTGGSMVSKGEELFTGVVPILVELDGDVNGHKFSVSGEGEGDATYGKLTLKFICTTGKLPVPWPTLVTTLVQCFSRYPDHMKQHDFFKSAMPEGYVQERTIFFKDDGNYKTRAEVKFEGDTLVSRIELKGTGFKEDGPILGQKILFQSENPPELKGREISEYYKKKQGQ,0.1,42.0,,,,,,,,7532.0,0.4413,0.4117,0.4457,0.4265,17
"G4FP_r20_l2_cro_mod2, id=6685, T=0.1, seed=42, overall_confidence=0.4344, ligand_confidence=0.4185, seq_rec=0.4239",HPGHLKGREIGMWYREKQKKKLAEKVDIHIRADPANRGINQEWTRKYPLLDGSTLEADVKQQNTPIGDGPVLLPDNHYLSTQSKLSKDPNEKRDHMVLLEFVTAAGITLGMDELYKGGTGGSMVSKGEELFTGVVPILVELDGDVNGHKFSVSGEGEGDATYGKLTLKFICTTGKLPVPWPTLVTTLVQCFSRYPDHMKQHDFFKSAMPEGYVQERTIFFKDDGNYKTRAEVKFEGDTLVKRIELKGTGFKEDGPVLGQKILFGSENPPELKGREISEYYKKKQGQ,0.1,42.0,,,,,,,,6685.0,0.4344,0.4185,0.4239,0.42645,18
"G4FP_r20_l2_cro_mod2, id=2954, T=0.1, seed=42, overall_confidence=0.4405, ligand_confidence=0.4124, seq_rec=0.4239",HPGHLKGREIGMWYYEKQKKKLAEKVDIHIEADPANRGINQHWTRKYKLLDGSTLTADVFQQNTPIGDGPVLLPDNHYLSTQSKLSKDPNEKRDHMVLLEFVTAAGITLGMDELYKGGTGGSMVSKGEELFTGVVPILVELDGDVNGHKFSVSGEGEGDATYGKLTLKFICTTGKLPVPWPTLVTTLVQCFSRYPDHMKQHDFFKSAMPEGYVQERTIFFKDDGNYKTRAEVKFEGDTLVKRIELKGTGFKEDGPILGQKILFGSENPPELKGREISEYYRRKQGQ,0.1,42.0,,,,,,,,2954.0,0.4405,0.4124,0.4239,0.42645,19
"G4FP_r20_l2_cro_mod2, id=6402, T=0.1, seed=42, overall_confidence=0.4408, ligand_confidence=0.4121, seq_rec=0.4239",HPGHLKGREIGMWYYEKQKKKRAETVDIHIEADPANRGINQHWTRKLPLLDGSTLTADVQQQNTPIGDGPVLLPDNHYLSTQSKLSKDPNEKRDHMVLLEFVTAAGITLGMDELYKGGTGGSMVSKGEELFTGVVPILVELDGDVNGHKFSVSGEGEGDATYGKLTLKFICTTGKLPVPWPTLVTTLVQCFSRYPDHMKQHDFFKSAMPEGYVQERTIFFKDDGNYKTRAEVKFEGDTLVKRIELKGTGFKEDGPILGQKILFGSENPPELKGREISEYYRRKQGQ,0.1,42.0,,,,,,,,6402.0,0.4408,0.4121,0.4239,0.42645,20
"G4FP_r20_l2_cro_mod2, id=580, T=0.1, seed=42, overall_confidence=0.4461, ligand_confidence=0.4067, seq_rec=0.4130",HPGHLKGREIGMWYREKQSKKLAETVDIHIEADPANRGINQHWTRKYPLIDGSTLTADVQQQNTPIGDGPVLLPDNHYLSTQSKLSKDPNEKRDHMVLLEFVTAAGITLGMDELYKGGTGGSMVSKGEELFTGVVPILVELDGDVNGHKFSVSGEGEGDATYGKLTLKFICTTGKLPVPWPTLVTTLVQCFSRYPDHMKQHDFFKSAMPEGYVQERTIFFKDDGNYKTRAEVKFEGDTLVKRIELKGTGFKEDGPILGQKILFGSENPPELKGRQISEYYKQKQGQ,0.1,42.0,,,,,,,,580.0,0.4461,0.4067,0.413,0.4264,21
"G4FP_r20_l2_cro_mod2, id=7654, T=0.1, seed=42, overall_confidence=0.4393, ligand_confidence=0.4135, seq_rec=0.4348",HPGHLKGREIGMWYREKQKKKLAKEVKIHIEADPERRGIRQHWTEEYPLLDGSTLTADVQQQNTPIGDGPVLLPDNHYLSTQSKLSKDPNEKRDHMVLLEFVTAAGITLGMDELYKGGTGGSMVSKGEELFTGVVPILVELDGDVNGHKFSVSGEGEGDATYGKLTLKFICTTGKLPVPWPTLVTTLVQCFSRYPDHMKQHDFFKSAMPEGYVQERTIFFKDDGNYKTRAEVKFEGDTLVKRIELKGTGFKEDGPILGQKILFQSENPPELKGREISEYYKKKQGQ,0.1,42.0,,,,,,,,7654.0,0.4393,0.4135,0.4348,0.4264,22
"G4FP_r20_l2_cro_mod2, id=724, T=0.1, seed=42, overall_confidence=0.4379, ligand_confidence=0.4144, seq_rec=0.4348",HPGHLKGREIGMWYREKQKKKLAETVKIYIEADPANRGIRQHWTRKLPLLDGSTLTADVEQQNTPIGDGPVLLPDNHYLSTQSKLSKDPNEKRDHMVLLEFVTAAGITLGMDELYKGGTGGSMVSKGEELFTGVVPILVELDGDVNGHKFSVSGEGEGDATYGKLTLKFICTTGKLPVPWPTLVTTLVQCFSRYPDHMKQHDFFKSAMPEGYVQERTIFFKDDGNYKTRAEVKFEGDTLVKRIELKGTGFKEDGPILGQKILFGSENPPELKGREISEYYRRKQGQ,0.1,42.0,,,,,,,,724.0,0.4379,0.4144,0.4348,0.42615000000000003,23
"G4FP_r20_l2_cro_mod2, id=1116, T=0.1, seed=42, overall_confidence=0.4442, ligand_confidence=0.4079, seq_rec=0.4130",HPGHLKGREIGMWYREKQKKKLAETVDIHISADPANRGINQHWTRKLPLLDGSTLTADVQQQNTPIGDGPVLLPDNHYLSTQSKLSKDPNEKRDHMVLLEFVTAAGITLGMDELYKGGTGGSMVSKGEELFTGVVPILVELDGDVNGHKFSVSGEGEGDATYGKLTLKFICTTGKLPVPWPTLVTTLVQCFSRYPDHMKQHDFFKSAMPEGYVQERTIFFKDDGNYKTRAEVKFEGDTLVKRIKLKGTGFKEDGPILGQKILFGSENPPELKGREISEYYRRKQGQ,0.1,42.0,,,,,,,,1116.0,0.4442,0.4079,0.413,0.42605,24
"G4FP_r20_l2_cro_mod2, id=1198, T=0.1, seed=42, overall_confidence=0.4427, ligand_confidence=0.4082, seq_rec=0.4348",HPGHLKGREIGMWYREKQKKKLAEKVDIHIEADPANRGIRQHWTREYPLIDGSTLTADVEQQNTPIGDGPVLLPDNHYLSTQSKLSKDPNEKRDHMVLLEFVTAAGITLGMDELYKGGTGGSMVSKGEELFTGVVPILVELDGDVNGHKFSVSGEGEGDATYGKLTLKFICTTGKLPVPWPTLVTTLVQCFSRYPDHMKQHDFFKSAMPEGYVQERTIFFKDDGNYKTRAEVKFEGDTLVKRIELKGTGFKEDGPILGQKILFGSENPPELKGREISEYYKKKQGQ,0.1,42.0,,,,,,,,1198.0,0.4427,0.4082,0.4348,0.42545,25
"G4FP_r20_l2_cro_mod2, id=8645, T=0.1, seed=42, overall_confidence=0.4391, ligand_confidence=0.4117, seq_rec=0.4674",HPGHLKGREIGMWYAEKQKKKLAEKVNINISADPANRGINQNWTRKLPLLDGSTLEADVNQQNTPIGDGPVLLPDNHYLSTQSKLSKDPNEKRDHMVLLEFVTAAGITLGMDELYKGGTGGSMVSKGEELFTGVVPILVELDGDVNGHKFSVSGEGEGDATYGKLTLKFICTTGKLPVPWPTLVTTLVQCFSRYPDHMKQHDFFKSAMPEGYVQERTIFFKDDGNYKTRAEVKFEGDTLVKRIELKGTGFKEDGPILGQKILFGSENPPELKGREISEYYRKKQGQ,0.1,42.0,,,,,,,,8645.0,0.4391,0.4117,0.4674,0.4254,26
"G4FP_r20_l2_cro_mod2, id=6230, T=0.1, seed=42, overall_confidence=0.4387, ligand_confidence=0.4119, seq_rec=0.4457",HPGHLKGREIGMWYAEKRKKKLAETVKIYIEADPANRGIRQHWTRKLPLLDGSTLTADVEQQNTPIGDGPVLLPDNHYLSTQSKLSKDPNEKRDHMVLLEFVTAAGITLGMDELYKGGTGGSMVSKGEELFTGVVPILVELDGDVNGHKFSVSGEGEGDATYGKLTLKFICTTGKLPVPWPTLVTTLVQCFSRYPDHMKQHDFFKSAMPEGYVQERTIFFKDDGNYKTRAEVKFEGDTLVSRIELKGTGFKEDGPILGQKIRFGSENPPHLKGREISEYYRAKQGQ,0.1,42.0,,,,,,,,6230.0,0.4387,0.4119,0.4457,0.4253,27
"G4FP_r20_l2_cro_mod2, id=6744, T=0.1, seed=42, overall_confidence=0.4438, ligand_confidence=0.4067, seq_rec=0.4348",HPGHLKGREIGMWYREKQKKKLAETVDIHIEADPENRGIRQHWTRKYPLIDGSTLTADVEQQNTPIGDGPVLLPDNHYLSTQSKLSKDPNEKRDHMVLLEFVTAAGITLGMDELYKGGTGGSMVSKGEELFTGVVPILVELDGDVNGHKFSVSGEGEGDATYGKLTLKFICTTGKLPVPWPTLVTTLVQCFSRYPDHMKQHDFFKSAMPEGYVQERTIFFKDDGNYKTRAEVKFEGDTLVSRIELKGTGFKEDGPILGQKILFGSENPPELKGREISEYYRKKQGQ,0.1,42.0,,,,,,,,6744.0,0.4438,0.4067,0.4348,0.42525,28
"G4FP_r20_l2_cro_mod2, id=4747, T=0.1, seed=42, overall_confidence=0.4340, ligand_confidence=0.4163, seq_rec=0.4348",HPGHLKGREIGMWYREKQSKKLAEKVDIHIRADPANRGITQEWTRKLPLLDGSTLEADVKQQNTPIGDGPVLLPDNHYLSTQSKLSKDPNEKRDHMVLLEFVTAAGITLGMDELYKGGTGGSMVSKGEELFTGVVPILVELDGDVNGHKFSVSGEGEGDATYGKLTLKFICTTGKLPVPWPTLVTTLVQCFSRYPDHMKQHDFFKSAMPEGYVQERTIFFKDDGNYKTRAEVKFEGDTLVKRIELKGTGFKEDGPILGQKIKFGSENPPELKGREISEYYRKKQGQ,0.1,42.0,,,,,,,,4747.0,0.434,0.4163,0.4348,0.42515000000000003,29
"G4FP_r20_l2_cro_mod2, id=1204, T=0.1, seed=42, overall_confidence=0.4359, ligand_confidence=0.4144, seq_rec=0.4348",HPGHLKGREIGMWYAEKQKKKLAEKVDIHISADPANRGINQHWTREYPLLDGSTLKADVQQQNTPIGDGPVLLPDNHYLSTQSKLSKDPNEKRDHMVLLEFVTAAGITLGMDELYKGGTGGSMVSKGEELFTGVVPILVELDGDVNGHKFSVSGEGEGDATYGKLTLKFICTTGKLPVPWPTLVTTLVQCFSRYPDHMKQHDFFKSAMPEGYVQERTIFFKDDGNYKTRAEVKFEGDTLVKRIELKGTGFKEDGPILGQKILFGSENPPELKGREISEYYKRKQGQ,0.1,42.0,,,,,,,,1204.0,0.4359,0.4144,0.4348,0.42515000000000003,30
"G4FP_r20_l2_cro_mod2, id=1625, T=0.1, seed=42, overall_confidence=0.4386, ligand_confidence=0.4116, seq_rec=0.4239",HPGHLKGREIGMWYREKQKKKRAKTVDIHIEADPANRGINQHWTEEYELLDGSTLTADVHQQNTPIGDGPVLLPDNHYLSTQSKLSKDPNEKRDHMVLLEFVTAAGITLGMDELYKGGTGGSMVSKGEELFTGVVPILVELDGDVNGHKFSVSGEGEGDATYGKLTLKFICTTGKLPVPWPTLVTTLVQCFSRYPDHMKQHDFFKSAMPEGYVQERTIFFKDDGNYKTRAEVKFEGDTLVSRIELKGTGFKEDGPILGQKILFGSENPPELKGREISEYYRQKQGQ,0.1,42.0,,,,,,,,1625.0,0.4386,0.4116,0.4239,0.42510000000000003,31
"G4FP_r20_l2_cro_mod2, id=1897, T=0.1, seed=42, overall_confidence=0.4345, ligand_confidence=0.4156, seq_rec=0.4457",HPGHLKGREIGMWYREKQKKKLYEKVDINISADPANRGINQNWTRKYPLIDGSTLEADVNQQNTPIGDGPVLLPDNHYLSTQSKLSKDPNEKRDHMVLLEFVTAAGITLGMDELYKGGTGGSMVSKGEELFTGVVPILVELDGDVNGHKFSVSGEGEGDATYGKLTLKFICTTGKLPVPWPTLVTTLVQCFSRYPDHMKQHDFFKSAMPEGYVQERTIFFKDDGNYKTRAEVKFEGDTLVKRIELKGTGFKEDGPVLGQKILFGSENPPELKGREISEYYRKKQGQ,0.1,42.0,,,,,,,,1897.0,0.4345,0.4156,0.4457,0.42505000000000004,32
"G4FP_r20_l2_cro_mod2, id=9994, T=0.1, seed=42, overall_confidence=0.4419, ligand_confidence=0.4081, seq_rec=0.4457",HPGHLKGREIGMWYREKQKKKLYETVDIHIEADPERRGIRQHWTRKYPLIDGSTLTADVQQQNTPIGDGPVLLPDNHYLSTQSKLSKDPNEKRDHMVLLEFVTAAGITLGMDELYKGGTGGSMVSKGEELFTGVVPILVELDGDVNGHKFSVSGEGEGDATYGKLTLKFICTTGKLPVPWPTLVTTLVQCFSRYPDHMKQHDFFKSAMPEGYVQERTIFFKDDGNYKTRAEVKFEGDTLVKRIELKGTGFKEDGPILGQKILFGSENPPELKGREISEYYKKKQGQ,0.1,42.0,,,,,,,,9994.0,0.4419,0.4081,0.4457,0.42500000000000004,33
"G4FP_r20_l2_cro_mod2, id=3148, T=0.1, seed=42, overall_confidence=0.4351, ligand_confidence=0.4148, seq_rec=0.4348",HPGHLKGREIGMWYREKQKKKRAYTVDIHIRADPENRGITQDWTDYFELLDGSTLEADVQQQNTPIGDGPVLLPDNHYLSTQSKLSKDPNEKRDHMVLLEFVTAAGITLGMDELYKGGTGGSMVSKGEELFTGVVPILVELDGDVNGHKFSVSGEGEGDATYGKLTLKFICTTGKLPVPWPTLVTTLVQCFSRYPDHMKQHDFFKSAMPEGYVQERTIFFKDDGNYKTRAEVKFEGDTLVKRIELKGTGFKEDGPILGQKIKFQSENPPELKGREISEYYRKKQGQ,0.1,42.0,,,,,,,,3148.0,0.4351,0.4148,0.4348,0.42495,34
"G4FP_r20_l2_cro_mod2, id=9531, T=0.1, seed=42, overall_confidence=0.4455, ligand_confidence=0.4044, seq_rec=0.4348",HPGHLKGREIGMWYREKQSKKLAEKVDIHIEADPANRGINQHWTRKYKLLDGSTLEADVEQQNTPIGDGPVLLPDNHYLSTQSKLSKDPNEKRDHMVLLEFVTAAGITLGMDELYKGGTGGSMVSKGEELFTGVVPILVELDGDVNGHKFSVSGEGEGDATYGKLTLKFICTTGKLPVPWPTLVTTLVQCFSRYPDHMKQHDFFKSAMPEGYVQERTIFFKDDGNYKTRAEVKFEGDTLVKRIELKGTGFKEDGPILGQKILFQSENPPELKGREISEYYKKKQGQ,0.1,42.0,,,,,,,,9531.0,0.4455,0.4044,0.4348,0.42495,35
"G4FP_r20_l2_cro_mod2, id=8624, T=0.1, seed=42, overall_confidence=0.4417, ligand_confidence=0.4080, seq_rec=0.4348",HPGHLKGREIGMWYREKQKKKLATTVDIHIEADPARRGIRQHWTREYPLIDGSTLKADVEQQNTPIGDGPVLLPDNHYLSTQSKLSKDPNEKRDHMVLLEFVTAAGITLGMDELYKGGTGGSMVSKGEELFTGVVPILVELDGDVNGHKFSVSGEGEGDATYGKLTLKFICTTGKLPVPWPTLVTTLVQCFSRYPDHMKQHDFFKSAMPEGYVQERTIFFKDDGNYKTRAEVKFEGDTLVKRIELKGTGFKEDGPILGQKILFQSENPPELKGREISEYYRKKQGQ,0.1,42.0,,,,,,,,8624.0,0.4417,0.408,0.4348,0.42484999999999995,36
"G4FP_r20_l2_cro_mod2, id=2115, T=0.1, seed=42, overall_confidence=0.4383, ligand_confidence=0.4113, seq_rec=0.4348",HPGHLKGREIGMWYREKQSKKLAETVKINISADPANRGINQNWTRKLPLLDGSTLEADVEQQNTPIGDGPVLLPDNHYLSTQSKLSKDPNEKRDHMVLLEFVTAAGITLGMDELYKGGTGGSMVSKGEELFTGVVPILVELDGDVNGHKFSVSGEGEGDATYGKLTLKFICTTGKLPVPWPTLVTTLVQCFSRYPDHMKQHDFFKSAMPEGYVQERTIFFKDDGNYKTRAEVKFEGDTLVKRIELKGTGFKEDGPVLGQKILFGSENPPELKGREISEYYRKKQGQ,0.1,42.0,,,,,,,,2115.0,0.4383,0.4113,0.4348,0.4248,37
"G4FP_r20_l2_cro_mod2, id=5692, T=0.1, seed=42, overall_confidence=0.4390, ligand_confidence=0.4102, seq_rec=0.4457",HPGHLKGREIGMWYREKQSKKLAETVKINITADPANRGINVSYTRKYPLLDGSTLEADVQQQNTPIGDGPVLLPDNHYLSTQSKLSKDPNEKRDHMVLLEFVTAAGITLGMDELYKGGTGGSMVSKGEELFTGVVPILVELDGDVNGHKFSVSGEGEGDATYGKLTLKFICTTGKLPVPWPTLVTTLVQCFSRYPDHMKQHDFFKSAMPEGYVQERTIFFKDDGNYKTRAEVKFEGDTLVKRIELKGTGFKEDGPILGQKILFGSENPPELKGREISEYYRKKQGQ,0.1,42.0,,,,,,,,5692.0,0.439,0.4102,0.4457,0.4246,38
"G4FP_r20_l2_cro_mod2, id=7878, T=0.1, seed=42, overall_confidence=0.4380, ligand_confidence=0.4109, seq_rec=0.4348",HPGHLKGREIGMWYREKQKKKLAETVDIHISADPENRGIRQEWTRKYPLIDGSTLEADVKQQNTPIGDGPVLLPDNHYLSTQSKLSKDPNEKRDHMVLLEFVTAAGITLGMDELYKGGTGGSMVSKGEELFTGVVPILVELDGDVNGHKFSVSGEGEGDATYGKLTLKFICTTGKLPVPWPTLVTTLVQCFSRYPDHMKQHDFFKSAMPEGYVQERTIFFKDDGNYKTRAEVKFEGDTLVKRIELKGTGFKEDGPILGQKILFQSENPPELKGREISEYYKKKQGQ,0.1,42.0,,,,,,,,7878.0,0.438,0.4109,0.4348,0.42445,39
"G4FP_r20_l2_cro_mod2, id=9297, T=0.1, seed=42, overall_confidence=0.4372, ligand_confidence=0.4116, seq_rec=0.4130",HPGHLKGREIGMWYREKQSKKLAETVDIHIEADPARRGIRQHWTRKYPLLDGSTLEADVEQQNTPIGDGPVLLPDNHYLSTQSKLSKDPNEKRDHMVLLEFVTAAGITLGMDELYKGGTGGSMVSKGEELFTGVVPILVELDGDVNGHKFSVSGEGEGDATYGKLTLKFICTTGKLPVPWPTLVTTLVQCFSRYPDHMKQHDFFKSAMPEGYVQERTIFFKDDGNYKTRAEVKFEGDTLVKRIELKGTGFKEDGPILGQKILFGSENPPELKGRQISEYYRQKQGQ,0.1,42.0,,,,,,,,9297.0,0.4372,0.4116,0.413,0.4244,40
"G4FP_r20_l2_cro_mod2, id=2798, T=0.1, seed=42, overall_confidence=0.4405, ligand_confidence=0.4082, seq_rec=0.4130",HPGHLKGREIGMWYYEKQKKKLAEKVDIHIEADPENRGIRQHWTRKLPLLDGSTLTADVEQQNTPIGDGPVLLPDNHYLSTQSKLSKDPNEKRDHMVLLEFVTAAGITLGMDELYKGGTGGSMVSKGEELFTGVVPILVELDGDVNGHKFSVSGEGEGDATYGKLTLKFICTTGKLPVPWPTLVTTLVQCFSRYPDHMKQHDFFKSAMPEGYVQERTIFFKDDGNYKTRAEVKFEGDTLVKRIELKGTGFKEDGPILGQKILFGSENPPELKGRQISEYYKQKQGQ,0.1,42.0,,,,,,,,2798.0,0.4405,0.4082,0.413,0.42435,41
"G4FP_r20_l2_cro_mod2, id=5867, T=0.1, seed=42, overall_confidence=0.4342, ligand_confidence=0.4143, seq_rec=0.4348",HPGHLKGREIGMWYREKQKKKLAKTRKIHIRADPARRGIDQEWTEELPLLDGSTLKADVKQQNTPIGDGPVLLPDNHYLSTQSKLSKDPNEKRDHMVLLEFVTAAGITLGMDELYKGGTGGSMVSKGEELFTGVVPILVELDGDVNGHKFSVSGEGEGDATYGKLTLKFICTTGKLPVPWPTLVTTLVQCFSRYPDHMKQHDFFKSAMPEGYVQERTIFFKDDGNYKTRAEVKFEGDTLVKRIELKGTGFKEDGPILGQKILFGSENPPELKGREISEYYKKKQGQ,0.1,42.0,,,,,,,,5867.0,0.4342,0.4143,0.4348,0.42425,42
"G4FP_r20_l2_cro_mod2, id=1168, T=0.1, seed=42, overall_confidence=0.4404, ligand_confidence=0.4080, seq_rec=0.4565",HPGHLKGREIGMWYREKQKKKLAEKVDIHIEADPENRGIRQHWTREYPLEDGSTLTADVEQQNTPIGDGPVLLPDNHYLSTQSKLSKDPNEKRDHMVLLEFVTAAGITLGMDELYKGGTGGSMVSKGEELFTGVVPILVELDGDVNGHKFSVSGEGEGDATYGKLTLKFICTTGKLPVPWPTLVTTLVQCFSRYPDHMKQHDFFKSAMPEGYVQERTIFFKDDGNYKTRAEVKFEGDTLVKRIELKGTGFKEDGPILGQKILFGSENPPHLKGREISEYYKKKQGQ,0.1,42.0,,,,,,,,1168.0,0.4404,0.408,0.4565,0.4242,43
"G4FP_r20_l2_cro_mod2, id=7365, T=0.1, seed=42, overall_confidence=0.4358, ligand_confidence=0.4125, seq_rec=0.4348",HPGHLKGREIGMWYREKQSKKLAETVDIHISADPANRGIRQHWTRKYRLLDGSTLEADVEQQNTPIGDGPVLLPDNHYLSTQSKLSKDPNEKRDHMVLLEFVTAAGITLGMDELYKGGTGGSMVSKGEELFTGVVPILVELDGDVNGHKFSVSGEGEGDATYGKLTLKFICTTGKLPVPWPTLVTTLVQCFSRYPDHMKQHDFFKSAMPEGYVQERTIFFKDDGNYKTRAEVKFEGDTLVKRIELKGTGFKEDGPILGQKILFGSENPPELKGREISEYYRKKQGQ,0.1,42.0,,,,,,,,7365.0,0.4358,0.4125,0.4348,0.42415,44
"G4FP_r20_l2_cro_mod2, id=6276, T=0.1, seed=42, overall_confidence=0.4375, ligand_confidence=0.4103, seq_rec=0.4457",HPGHLKGREIGMWYREKQKKKLYEKVDIHIAADPANRGINQHWTRKYKLKDGSTLTADVEQQNTPIGDGPVLLPDNHYLSTQSKLSKDPNEKRDHMVLLEFVTAAGITLGMDELYKGGTGGSMVSKGEELFTGVVPILVELDGDVNGHKFSVSGEGEGDATYGKLTLKFICTTGKLPVPWPTLVTTLVQCFSRYPDHMKQHDFFKSAMPEGYVQERTIFFKDDGNYKTRAEVKFEGDTLVSRIELKGTGFKEDGPILGQKILFQSENPPELKGREISEYYKKKQGQ,0.1,42.0,,,,,,,,6276.0,0.4375,0.4103,0.4457,0.4239,45
"G4FP_r20_l2_cro_mod2, id=8469, T=0.1, seed=42, overall_confidence=0.4412, ligand_confidence=0.4066, seq_rec=0.4457",HPGHLKGREIGMWYREKQKKKLAEKVDIHISADPANRGINQNWTRKYPLLDGSTLEADVKQQNTPIGDGPVLLPDNHYLSTQSKLSKDPNEKRDHMVLLEFVTAAGITLGMDELYKGGTGGSMVSKGEELFTGVVPILVELDGDVNGHKFSVSGEGEGDATYGKLTLKFICTTGKLPVPWPTLVTTLVQCFSRYPDHMKQHDFFKSAMPEGYVQERTIFFKDDGNYKTRAEVKFEGDTLVKRIELKGTGFKEDGPILGQKILFGSENPPELKGREISEYYRKKQGQ,0.1,42.0,,,,,,,,8469.0,0.4412,0.4066,0.4457,0.4239,46
"G4FP_r20_l2_cro_mod2, id=1285, T=0.1, seed=42, overall_confidence=0.4454, ligand_confidence=0.4023, seq_rec=0.4239",HPGHLKGREIGMWYREKRKKKLAEKVDIHIEADPANRGINQHWTRKYPLLDGSTLEADVQQQNTPIGDGPVLLPDNHYLSTQSKLSKDPNEKRDHMVLLEFVTAAGITLGMDELYKGGTGGSMVSKGEELFTGVVPILVELDGDVNGHKFSVSGEGEGDATYGKLTLKFICTTGKLPVPWPTLVTTLVQCFSRYPDHMKQHDFFKSAMPEGYVQERTIFFKDDGNYKTRAEVKFEGDTLVKRIELKGTGFKEDGPILGQKILFGSENPPELKGREISEYYKKKQGQ,0.1,42.0,,,,,,,,1285.0,0.4454,0.4023,0.4239,0.42385,47
"G4FP_r20_l2_cro_mod2, id=7033, T=0.1, seed=42, overall_confidence=0.4349, ligand_confidence=0.4127, seq_rec=0.4239",HPGHLKGREIGMWYREKQKKKRAVKRKIHIRADPANRGINQEWTEKYELLDGSTLEADVKQQNTPIGDGPVLLPDNHYLSTQSKLSKDPNEKRDHMVLLEFVTAAGITLGMDELYKGGTGGSMVSKGEELFTGVVPILVELDGDVNGHKFSVSGEGEGDATYGKLTLKFICTTGKLPVPWPTLVTTLVQCFSRYPDHMKQHDFFKSAMPEGYVQERTIFFKDDGNYKTRAEVKFEGDTLVKRIELKGTGFKEDGPILGQKIKFQSENPPELKGREISEYYRRKQGQ,0.1,42.0,,,,,,,,7033.0,0.4349,0.4127,0.4239,0.4238,48
"G4FP_r20_l2_cro_mod2, id=6046, T=0.1, seed=42, overall_confidence=0.4354, ligand_confidence=0.4122, seq_rec=0.4348",HPGHLKGREIGMWYREKQKKKRYETVDIHIRADPANRGITQEWTRKYPLKDGSTLTADVKQQNTPIGDGPVLLPDNHYLSTQSKLSKDPNEKRDHMVLLEFVTAAGITLGMDELYKGGTGGSMVSKGEELFTGVVPILVELDGDVNGHKFSVSGEGEGDATYGKLTLKFICTTGKLPVPWPTLVTTLVQCFSRYPDHMKQHDFFKSAMPEGYVQERTIFFKDDGNYKTRAEVKFEGDTLVKRIELKGTGFKEDGPILGQKILFGSENPPELKGREISEYYRRKQGQ,0.1,42.0,,,,,,,,6046.0,0.4354,0.4122,0.4348,0.4238,49
"G4FP_r20_l2_cro_mod2, id=3352, T=0.1, seed=42, overall_confidence=0.4406, ligand_confidence=0.4067, seq_rec=0.4348",HPGHLKGREIGMWYREKQSKKLAEKVDIHITADPENRGINQTWTREYPLVDGSTLKADVKQQNTPIGDGPVLLPDNHYLSTQSKLSKDPNEKRDHMVLLEFVTAAGITLGMDELYKGGTGGSMVSKGEELFTGVVPILVELDGDVNGHKFSVSGEGEGDATYGKLTLKFICTTGKLPVPWPTLVTTLVQCFSRYPDHMKQHDFFKSAMPEGYVQERTIFFKDDGNYKTRAEVKFEGDTLVKRIELKGTGFKEDGPILGQKILFGSENPPELKGREISEYYRKKQGQ,0.1,42.0,,,,,,,,3352.0,0.4406,0.4067,0.4348,0.42364999999999997,50
"G4FP_r20_l2_cro_mod2, id=8140, T=0.1, seed=42, overall_confidence=0.4455, ligand_confidence=0.4018, seq_rec=0.4239",HPGHLKGREIGMWYREKQKKKLAEKVDIHIEADPANRGIRQHWTRKYPLLDGSTLTADVEQQNTPIGDGPVLLPDNHYLSTQSKLSKDPNEKRDHMVLLEFVTAAGITLGMDELYKGGTGGSMVSKGEELFTGVVPILVELDGDVNGHKFSVSGEGEGDATYGKLTLKFICTTGKLPVPWPTLVTTLVQCFSRYPDHMKQHDFFKSAMPEGYVQERTIFFKDDGNYKTRAEVKFEGDTLVKRIELKGTGFKEDGPILGQKILFGSENPPELKGRQISEYYRKKQGQ,0.1,42.0,,,,,,,,8140.0,0.4455,0.4018,0.4239,0.42364999999999997,51
"G4FP_r20_l2_cro_mod2, id=6689, T=0.1, seed=42, overall_confidence=0.4363, ligand_confidence=0.4109, seq_rec=0.4239",HPGHLKGREIGMWYREKQKKKLLETYDIHISADPANRGINQHWTRKYPLLDGSTLEADVEQQNTPIGDGPVLLPDNHYLSTQSKLSKDPNEKRDHMVLLEFVTAAGITLGMDELYKGGTGGSMVSKGEELFTGVVPILVELDGDVNGHKFSVSGEGEGDATYGKLTLKFICTTGKLPVPWPTLVTTLVQCFSRYPDHMKQHDFFKSAMPEGYVQERTIFFKDDGNYKTRAEVKFEGDTLVKRIELKGTGFKEDGPILGQKILFGSENPPELKGREISEYYKRKQGQ,0.1,42.0,,,,,,,,6689.0,0.4363,0.4109,0.4239,0.4236,52
"G4FP_r20_l2_cro_mod2, id=201, T=0.1, seed=42, overall_confidence=0.4389, ligand_confidence=0.4082, seq_rec=0.4457",HPGHLKGREIGMWYREKQKKKLAKKVDIHISADPANRGINQNWTEEYPLLDGSTLTADVQQQNTPIGDGPVLLPDNHYLSTQSKLSKDPNEKRDHMVLLEFVTAAGITLGMDELYKGGTGGSMVSKGEELFTGVVPILVELDGDVNGHKFSVSGEGEGDATYGKLTLKFICTTGKLPVPWPTLVTTLVQCFSRYPDHMKQHDFFKSAMPEGYVQERTIFFKDDGNYKTRAEVKFEGDTLVKRIELKGTGFKEDGPILGQKILFQSENPPELKGREISEYYRKKQGQ,0.1,42.0,,,,,,,,201.0,0.4389,0.4082,0.4457,0.42355,53
"G4FP_r20_l2_cro_mod2, id=6965, T=0.1, seed=42, overall_confidence=0.4441, ligand_confidence=0.4029, seq_rec=0.4348",HPGHLKGREIGMWYREKQKKKRAETVDIHITADPANRGINQHWTRKYPLLDGSTLEADVEQQNTPIGDGPVLLPDNHYLSTQSKLSKDPNEKRDHMVLLEFVTAAGITLGMDELYKGGTGGSMVSKGEELFTGVVPILVELDGDVNGHKFSVSGEGEGDATYGKLTLKFICTTGKLPVPWPTLVTTLVQCFSRYPDHMKQHDFFKSAMPEGYVQERTIFFKDDGNYKTRAEVKFEGDTLVKRIELKGTGFKEDGPILGQKILFGSENPPSLKGREISEYYRKKQGQ,0.1,42.0,,,,,,,,6965.0,0.4441,0.4029,0.4348,0.4235,54
"G4FP_r20_l2_cro_mod2, id=2081, T=0.1, seed=42, overall_confidence=0.4364, ligand_confidence=0.4104, seq_rec=0.4457",HPGHLKGREIGMWYREKQKKKLAKTVKINISADPANRGINQNWTEELPLVDGSTLTADVKQQNTPIGDGPVLLPDNHYLSTQSKLSKDPNEKRDHMVLLEFVTAAGITLGMDELYKGGTGGSMVSKGEELFTGVVPILVELDGDVNGHKFSVSGEGEGDATYGKLTLKFICTTGKLPVPWPTLVTTLVQCFSRYPDHMKQHDFFKSAMPEGYVQERTIFFKDDGNYKTRAEVKFEGDTLVKRIELKGTGFKEDGPILGQKILFQSENPPELKGREISEYYKKKQGQ,0.1,42.0,,,,,,,,2081.0,0.4364,0.4104,0.4457,0.4234,55
"G4FP_r20_l2_cro_mod2, id=7817, T=0.1, seed=42, overall_confidence=0.4387, ligand_confidence=0.4080, seq_rec=0.4457",HPGHLKGREIGMWYREKQKKKRYETVDIHISADPANRGITQHWTRKYPLLDGSTLEADVQQQNTPIGDGPVLLPDNHYLSTQSKLSKDPNEKRDHMVLLEFVTAAGITLGMDELYKGGTGGSMVSKGEELFTGVVPILVELDGDVNGHKFSVSGEGEGDATYGKLTLKFICTTGKLPVPWPTLVTTLVQCFSRYPDHMKQHDFFKSAMPEGYVQERTIFFKDDGNYKTRAEVKFEGDTLVKRIELKGTGFKEDGPILGQKILFGSENPPELKGREISEYYKKKQGQ,0.1,42.0,,,,,,,,7817.0,0.4387,0.408,0.4457,0.42335,56
"G4FP_r20_l2_cro_mod2, id=2137, T=0.1, seed=42, overall_confidence=0.4334, ligand_confidence=0.4133, seq_rec=0.4348",HPGHLKGREIGMWYREKQKKKLWETVDIHIEADPANRGIRQHFTREYPLLDGSTLKADVEQQNTPIGDGPVLLPDNHYLSTQSKLSKDPNEKRDHMVLLEFVTAAGITLGMDELYKGGTGGSMVSKGEELFTGVVPILVELDGDVNGHKFSVSGEGEGDATYGKLTLKFICTTGKLPVPWPTLVTTLVQCFSRYPDHMKQHDFFKSAMPEGYVQERTIFFKDDGNYKTRAEVKFEGDTLVKRIELKGTGFKEDGPILGQKILFGSENPPELKGREISEYYRRKQGQ,0.1,42.0,,,,,,,,2137.0,0.4334,0.4133,0.4348,0.42335,57
"G4FP_r20_l2_cro_mod2, id=8622, T=0.1, seed=42, overall_confidence=0.4365, ligand_confidence=0.4102, seq_rec=0.4239",HPGHLKGREIGMWYREKQKKKLARTVNINISADPANRGINQNWTEKLPLLDGSTLEADVQQQNTPIGDGPVLLPDNHYLSTQSKLSKDPNEKRDHMVLLEFVTAAGITLGMDELYKGGTGGSMVSKGEELFTGVVPILVELDGDVNGHKFSVSGEGEGDATYGKLTLKFICTTGKLPVPWPTLVTTLVQCFSRYPDHMKQHDFFKSAMPEGYVQERTIFFKDDGNYKTRAEVKFEGDTLVKRIKLEGTGFKEDGPILGQKILFGSENPPELKGREISEYYRRKQGQ,0.1,42.0,,,,,,,,8622.0,0.4365,0.4102,0.4239,0.42335,58
"G4FP_r20_l2_cro_mod2, id=9534, T=0.1, seed=42, overall_confidence=0.4373, ligand_confidence=0.4093, seq_rec=0.4348",HPGHLKGREIGMWYREKQSKKLAKEVKINIAADPANRGINQTWTDEYPLLDGSTLKADVQQQNTPIGDGPVLLPDNHYLSTQSKLSKDPNEKRDHMVLLEFVTAAGITLGMDELYKGGTGGSMVSKGEELFTGVVPILVELDGDVNGHKFSVSGEGEGDATYGKLTLKFICTTGKLPVPWPTLVTTLVQCFSRYPDHMKQHDFFKSAMPEGYVQERTIFFKDDGNYKTRAEVKFEGDTLVKRIELKGTGFKEDGPILGQKILFGSENPPELKGREISEYYRKKQGQ,0.1,42.0,,,,,,,,9534.0,0.4373,0.4093,0.4348,0.4233,59
"G4FP_r20_l2_cro_mod2, id=5937, T=0.1, seed=42, overall_confidence=0.4366, ligand_confidence=0.4099, seq_rec=0.4457",HPGHLKGREIGMWYREKQKKKLAETVDIHISADPANRGINQHWTRKFPLLDGSTLEADVEQQNTPIGDGPVLLPDNHYLSTQSKLSKDPNEKRDHMVLLEFVTAAGITLGMDELYKGGTGGSMVSKGEELFTGVVPILVELDGDVNGHKFSVSGEGEGDATYGKLTLKFICTTGKLPVPWPTLVTTLVQCFSRYPDHMKQHDFFKSAMPEGYVQERTIFFKDDGNYKTRAEVKFEGDTLVKRIELKGTGFKEDGPILGQKILFGSENPPHLKGREISEYYKKKQGQ,0.1,42.0,,,,,,,,5937.0,0.4366,0.4099,0.4457,0.42325,60
"G4FP_r20_l2_cro_mod2, id=5250, T=0.1, seed=42, overall_confidence=0.4437, ligand_confidence=0.4025, seq_rec=0.4348",HPGHLKGREIGMWYREKQKKKLAEKVDIHIEADPANRGIRQHWRREYPLVDGSTLEADVEQQNTPIGDGPVLLPDNHYLSTQSKLSKDPNEKRDHMVLLEFVTAAGITLGMDELYKGGTGGSMVSKGEELFTGVVPILVELDGDVNGHKFSVSGEGEGDATYGKLTLKFICTTGKLPVPWPTLVTTLVQCFSRYPDHMKQHDFFKSAMPEGYVQERTIFFKDDGNYKTRAEVKFEGDTLVKRIELKGTGFKEDGPILGQKILFQSENPPELKGREISEYYRKKQGQ,0.1,42.0,,,,,,,,5250.0,0.4437,0.4025,0.4348,0.42310000000000003,61
"G4FP_r20_l2_cro_mod2, id=4495, T=0.1, seed=42, overall_confidence=0.4394, ligand_confidence=0.4067, seq_rec=0.4457",HPGHLKGREIGMWYREKQSKKLYEKVDIHIEADPANRGIRQHWTRKYPLLDGSTLTADVEQQNTPIGDGPVLLPDNHYLSTQSKLSKDPNEKRDHMVLLEFVTAAGITLGMDELYKGGTGGSMVSKGEELFTGVVPILVELDGDVNGHKFSVSGEGEGDATYGKLTLKFICTTGKLPVPWPTLVTTLVQCFSRYPDHMKQHDFFKSAMPEGYVQERTIFFKDDGNYKTRAEVKFEGDTLVKRIELKGTGFKEDGPILGQKILFGSENPPELKGREISEYYKKKQGQ,0.1,42.0,,,,,,,,4495.0,0.4394,0.4067,0.4457,0.42305000000000004,62
"G4FP_r20_l2_cro_mod2, id=22, T=0.1, seed=42, overall_confidence=0.4418, ligand_confidence=0.4043, seq_rec=0.4348",HPGHLKGREIGMWYREKQKKKRAETVDIHISADPANRGINQHWTRKYPLIDGSTLTADVQQQNTPIGDGPVLLPDNHYLSTQSKLSKDPNEKRDHMVLLEFVTAAGITLGMDELYKGGTGGSMVSKGEELFTGVVPILVELDGDVNGHKFSVSGEGEGDATYGKLTLKFICTTGKLPVPWPTLVTTLVQCFSRYPDHMKQHDFFKSAMPEGYVQERTIFFKDDGNYKTRAEVKFEGDTLVKRIELKGTGFKEDGPILGQKILFGSENPPELKGREISEYYKKKQGQ,0.1,42.0,,,,,,,,22.0,0.4418,0.4043,0.4348,0.42305000000000004,63
"G4FP_r20_l2_cro_mod2, id=5368, T=0.1, seed=42, overall_confidence=0.4376, ligand_confidence=0.4085, seq_rec=0.4130",HPGHLKGREIGMWYREKQKKKLAEKYDIHIEADPANRGIRQHWTRKLPLLDGSTLTADVEQQNTPIGDGPVLLPDNHYLSTQSKLSKDPNEKRDHMVLLEFVTAAGITLGMDELYKGGTGGSMVSKGEELFTGVVPILVELDGDVNGHKFSVSGEGEGDATYGKLTLKFICTTGKLPVPWPTLVTTLVQCFSRYPDHMKQHDFFKSAMPEGYVQERTIFFKDDGNYKTRAEVKFEGDTLVSRIELKGTGFKEDGPILGQKILFGSENPPTLKGRQISEYYREKQGQ,0.1,42.0,,,,,,,,5368.0,0.4376,0.4085,0.413,0.42305,64
"G4FP_r20_l2_cro_mod2, id=6376, T=0.1, seed=42, overall_confidence=0.4420, ligand_confidence=0.4040, seq_rec=0.4348",HPGHLKGREIGMWYAEKRSKKLAETVDIHIRADPARRGIDQHWTRKYPLLDGSTLTADVHQQNTPIGDGPVLLPDNHYLSTQSKLSKDPNEKRDHMVLLEFVTAAGITLGMDELYKGGTGGSMVSKGEELFTGVVPILVELDGDVNGHKFSVSGEGEGDATYGKLTLKFICTTGKLPVPWPTLVTTLVQCFSRYPDHMKQHDFFKSAMPEGYVQERTIFFKDDGNYKTRAEVKFEGDTLVKRIELKGTGFKEDGPILGQKILFGSENPPELKGREISEYYKKKQGQ,0.1,42.0,,,,,,,,6376.0,0.442,0.404,0.4348,0.42300000000000004,65
"G4FP_r20_l2_cro_mod2, id=4383, T=0.1, seed=42, overall_confidence=0.4389, ligand_confidence=0.4070, seq_rec=0.4239",HPGHLKGREIGMWYREKQAKKLAETVDIHIEADPANRGINQHWTRKFPLLDGSTLEADVFQQNTPIGDGPVLLPDNHYLSTQSKLSKDPNEKRDHMVLLEFVTAAGITLGMDELYKGGTGGSMVSKGEELFTGVVPILVELDGDVNGHKFSVSGEGEGDATYGKLTLKFICTTGKLPVPWPTLVTTLVQCFSRYPDHMKQHDFFKSAMPEGYVQERTIFFKDDGNYKTRAEVKFEGDTLVKRIELKGTGFKEDGPILGQKILFGSENPPELKGREISEYYRRKQGQ,0.1,42.0,,,,,,,,4383.0,0.4389,0.407,0.4239,0.42295,66
"G4FP_r20_l2_cro_mod2, id=2914, T=0.1, seed=42, overall_confidence=0.4328, ligand_confidence=0.4129, seq_rec=0.4348",HPGHLKGREIGMWYREKQKKKLAETYDIHIEADPANRGINQHWTRKYPLLDGSTLTADVQQQNTPIGDGPVLLPDNHYLSTQSKLSKDPNEKRDHMVLLEFVTAAGITLGMDELYKGGTGGSMVSKGEELFTGVVPILVELDGDVNGHKFSVSGEGEGDATYGKLTLKFICTTGKLPVPWPTLVTTLVQCFSRYPDHMKQHDFFKSAMPEGYVQERTIFFKDDGNYKTRAEVKFEGDTLVKRIELKGTGFKEDGPILGQKIKFGSENPPELKGREISEYYRKKQGQ,0.1,42.0,,,,,,,,2914.0,0.4328,0.4129,0.4348,0.42285,67
"G4FP_r20_l2_cro_mod2, id=8426, T=0.1, seed=42, overall_confidence=0.4412, ligand_confidence=0.4045, seq_rec=0.4348",HPGHLKGREIGMWYAEKQKKRLAETVDIHIEADPANRGIRQHWTRKYPLLDGSTLEADVEQQNTPIGDGPVLLPDNHYLSTQSKLSKDPNEKRDHMVLLEFVTAAGITLGMDELYKGGTGGSMVSKGEELFTGVVPILVELDGDVNGHKFSVSGEGEGDATYGKLTLKFICTTGKLPVPWPTLVTTLVQCFSRYPDHMKQHDFFKSAMPEGYVQERTIFFKDDGNYKTRAEVKFEGDTLVKRIELKGTGFKEDGPILGQKILFGSENPPELKGREISEYYRRKQGQ,0.1,42.0,,,,,,,,8426.0,0.4412,0.4045,0.4348,0.42285,68
"G4FP_r20_l2_cro_mod2, id=924, T=0.1, seed=42, overall_confidence=0.4360, ligand_confidence=0.4097, seq_rec=0.4239",HPGHLKGREIGMWYREKQSKKLAEKVDIHIEADPANRGINQHWTRKYPLLDGSTLEADVKQQNTPIGDGPVLLPDNHYLSTQSKLSKDPNEKRDHMVLLEFVTAAGITLGMDELYKGGTGGSMVSKGEELFTGVVPILVELDGDVNGHKFSVSGEGEGDATYGKLTLKFICTTGKLPVPWPTLVTTLVQCFSRYPDHMKQHDFFKSAMPEGYVQERTIFFKDDGNYKTRAEVKFEGDTLVSRIELKGTGFKEDGPILGQKILFGSENPPELKGREISEYYRRKQGQ,0.1,42.0,,,,,,,,924.0,0.436,0.4097,0.4239,0.42285,69
"G4FP_r20_l2_cro_mod2, id=9660, T=0.1, seed=42, overall_confidence=0.4430, ligand_confidence=0.4027, seq_rec=0.4130",HPGHLKGREIGMWYREKQKKKLAEKVDIHIEADPANRGIRQHWTRKYPLIDGSTLTADVEQQNTPIGDGPVLLPDNHYLSTQSKLSKDPNEKRDHMVLLEFVTAAGITLGMDELYKGGTGGSMVSKGEELFTGVVPILVELDGDVNGHKFSVSGEGEGDATYGKLTLKFICTTGKLPVPWPTLVTTLVQCFSRYPDHMKQHDFFKSAMPEGYVQERTIFFKDDGNYKTRAEVKFEGDTLVKRIELKGTGFKEDGPVLGQKILFGSENPPELKGREISEYYRQKQGQ,0.1,42.0,,,,,,,,9660.0,0.443,0.4027,0.413,0.42285,70
"G4FP_r20_l2_cro_mod2, id=8386, T=0.1, seed=42, overall_confidence=0.4367, ligand_confidence=0.4090, seq_rec=0.4348",HPGHLKGREIGMWYREKQSKKLAETYDINITADPANRGINQSWTRKYPLIDGSTLTADVQQQNTPIGDGPVLLPDNHYLSTQSKLSKDPNEKRDHMVLLEFVTAAGITLGMDELYKGGTGGSMVSKGEELFTGVVPILVELDGDVNGHKFSVSGEGEGDATYGKLTLKFICTTGKLPVPWPTLVTTLVQCFSRYPDHMKQHDFFKSAMPEGYVQERTIFFKDDGNYKTRAEVKFEGDTLVSRIELKGTGFKEDGPILGQKILFGSENPPELKGREISEYYKKKQGQ,0.1,42.0,,,,,,,,8386.0,0.4367,0.409,0.4348,0.42284999999999995,71
"G4FP_r20_l2_cro_mod2, id=9569, T=0.1, seed=42, overall_confidence=0.4411, ligand_confidence=0.4045, seq_rec=0.4457",HPGHLKGREIGMWYREKQKKKLAETVDINISADPARRGINQNWTRKYPLLDGSTLEADVQQQNTPIGDGPVLLPDNHYLSTQSKLSKDPNEKRDHMVLLEFVTAAGITLGMDELYKGGTGGSMVSKGEELFTGVVPILVELDGDVNGHKFSVSGEGEGDATYGKLTLKFICTTGKLPVPWPTLVTTLVQCFSRYPDHMKQHDFFKSAMPEGYVQERTIFFKDDGNYKTRAEVKFEGDTLVKRIELKGTGFKEDGPILGQKILFGSENPEHLKGREISEYYKAKQGQ,0.1,42.0,,,,,,,,9569.0,0.4411,0.4045,0.4457,0.4228,72
"G4FP_r20_l2_cro_mod2, id=5516, T=0.1, seed=42, overall_confidence=0.4379, ligand_confidence=0.4076, seq_rec=0.4457",HPGHLKGREIGMWYAEKQKKKRAETVDIYIEADPANRGIREHWTRKYPLLDGSTLEADVEQQNTPIGDGPVLLPDNHYLSTQSKLSKDPNEKRDHMVLLEFVTAAGITLGMDELYKGGTGGSMVSKGEELFTGVVPILVELDGDVNGHKFSVSGEGEGDATYGKLTLKFICTTGKLPVPWPTLVTTLVQCFSRYPDHMKQHDFFKSAMPEGYVQERTIFFKDDGNYKTRAEVKFEGDTLVKRIELKGTGFKEDGPILGQKILFGSENPPELKGREISEYYRAKQGQ,0.1,42.0,,,,,,,,5516.0,0.4379,0.4076,0.4457,0.42275,73
"G4FP_r20_l2_cro_mod2, id=4682, T=0.1, seed=42, overall_confidence=0.4388, ligand_confidence=0.4066, seq_rec=0.4348",HPGHLKGREIGMWYREKQKKKLYETVDIHIRADPARRGIDQHWTRKYPLLDGSTLTADVQQQNTPIGDGPVLLPDNHYLSTQSKLSKDPNEKRDHMVLLEFVTAAGITLGMDELYKGGTGGSMVSKGEELFTGVVPILVELDGDVNGHKFSVSGEGEGDATYGKLTLKFICTTGKLPVPWPTLVTTLVQCFSRYPDHMKQHDFFKSAMPEGYVQERTIFFKDDGNYKTRAEVKFEGDTLVKRIELKGTGFKEDGPILGQKILFGSENPPELKGREISEYYKQKQGQ,0.1,42.0,,,,,,,,4682.0,0.4388,0.4066,0.4348,0.4227,74
"G4FP_r20_l2_cro_mod2, id=2917, T=0.1, seed=42, overall_confidence=0.4333, ligand_confidence=0.4121, seq_rec=0.4130",HPGHLKGREIGMWYREKQSKKLAEEVKIHIEADPANRGIRQHWTRELPLLDGSTLKADVHQQNTPIGDGPVLLPDNHYLSTQSKLSKDPNEKRDHMVLLEFVTAAGITLGMDELYKGGTGGSMVSKGEELFTGVVPILVELDGDVNGHKFSVSGEGEGDATYGKLTLKFICTTGKLPVPWPTLVTTLVQCFSRYPDHMKQHDFFKSAMPEGYVQERTIFFKDDGNYKTRAEVKFEGDTLVKRIELKGTGFKEDGPILGQKILFGSENPPELKGRQISEYYRQKQGQ,0.1,42.0,,,,,,,,2917.0,0.4333,0.4121,0.413,0.4227,75
"G4FP_r20_l2_cro_mod2, id=2591, T=0.1, seed=42, overall_confidence=0.4355, ligand_confidence=0.4098, seq_rec=0.4348",HPGHLKGREIGMWYAEKQKKKLAEKVDIHIRADPARRGIDQHWTRKYPLLDGSTLTADVQQQNTPIGDGPVLLPDNHYLSTQSKLSKDPNEKRDHMVLLEFVTAAGITLGMDELYKGGTGGSMVSKGEELFTGVVPILVELDGDVNGHKFSVSGEGEGDATYGKLTLKFICTTGKLPVPWPTLVTTLVQCFSRYPDHMKQHDFFKSAMPEGYVQERTIFFKDDGNYKTRAEVKFEGDTLVKRIELKGTGFKEDGPILGQKILFGSENPPELKGREISEYYRAKQGQ,0.1,42.0,,,,,,,,2591.0,0.4355,0.4098,0.4348,0.42264999999999997,76
"G4FP_r20_l2_cro_mod2, id=1626, T=0.1, seed=42, overall_confidence=0.4328, ligand_confidence=0.4125, seq_rec=0.4130",HPGHLKGREIGMWYREKQKKKRAETYDIHIRADPARRGITQSWTRKYPLLDGSTLTADVQQQNTPIGDGPVLLPDNHYLSTQSKLSKDPNEKRDHMVLLEFVTAAGITLGMDELYKGGTGGSMVSKGEELFTGVVPILVELDGDVNGHKFSVSGEGEGDATYGKLTLKFICTTGKLPVPWPTLVTTLVQCFSRYPDHMKQHDFFKSAMPEGYVQERTIFFKDDGNYKTRAEVKFEGDTLVKRIKLEGTGFKEDGPILGQKILFGSENPPELKGREISEYYKKKQGQ,0.1,42.0,,,,,,,,1626.0,0.4328,0.4125,0.413,0.42264999999999997,77
"G4FP_r20_l2_cro_mod2, id=2552, T=0.1, seed=42, overall_confidence=0.4357, ligand_confidence=0.4094, seq_rec=0.4348",HPGHLKGREIGMWYREKQKKKLYETYDIHIEADPENRGIRQHWTRKLPLIDGSTLEADVQQQNTPIGDGPVLLPDNHYLSTQSKLSKDPNEKRDHMVLLEFVTAAGITLGMDELYKGGTGGSMVSKGEELFTGVVPILVELDGDVNGHKFSVSGEGEGDATYGKLTLKFICTTGKLPVPWPTLVTTLVQCFSRYPDHMKQHDFFKSAMPEGYVQERTIFFKDDGNYKTRAEVKFEGDTLVKRIELKGTGFKEDGPILGQKILFGSENPPELKGREISEYYRQKQGQ,0.1,42.0,,,,,,,,2552.0,0.4357,0.4094,0.4348,0.42255,78
"G4FP_r20_l2_cro_mod2, id=3533, T=0.1, seed=42, overall_confidence=0.4335, ligand_confidence=0.4115, seq_rec=0.4674",HPGHLKGREIGMWYREKQKKKLAETVDIHISADPENRGINQNWTRELPLEDGSTLIADVQQQNTPIGDGPVLLPDNHYLSTQSKLSKDPNEKRDHMVLLEFVTAAGITLGMDELYKGGTGGSMVSKGEELFTGVVPILVELDGDVNGHKFSVSGEGEGDATYGKLTLKFICTTGKLPVPWPTLVTTLVQCFSRYPDHMKQHDFFKSAMPEGYVQERTIFFKDDGNYKTRAEVKFEGDTLVKRIELKGTGFKEDGPILGQKILFGSENPPHLKGREISEYYRKKQGQ,0.1,42.0,,,,,,,,3533.0,0.4335,0.4115,0.4674,0.4225,79
"G4FP_r20_l2_cro_mod2, id=1061, T=0.1, seed=42, overall_confidence=0.4345, ligand_confidence=0.4105, seq_rec=0.4239",HPGHLKGREIGMWYYEKQKKKLLEKYDIHIEADPANRGIRQHWTRKLPLIDGSTLEADVEQQNTPIGDGPVLLPDNHYLSTQSKLSKDPNEKRDHMVLLEFVTAAGITLGMDELYKGGTGGSMVSKGEELFTGVVPILVELDGDVNGHKFSVSGEGEGDATYGKLTLKFICTTGKLPVPWPTLVTTLVQCFSRYPDHMKQHDFFKSAMPEGYVQERTIFFKDDGNYKTRAEVKFEGDTLVSRIELKGTGFKEDGPILGQKILFGSENPPELKGREISEYYKRKQGQ,0.1,42.0,,,,,,,,1061.0,0.4345,0.4105,0.4239,0.4225,80
"G4FP_r20_l2_cro_mod2, id=8899, T=0.1, seed=42, overall_confidence=0.4398, ligand_confidence=0.4051, seq_rec=0.4348",HPGHLKGREIGMWYREKQKKKLAETVDIHIEADPENRGIRQHWTRKYKLLDGSTLEADVEQQNTPIGDGPVLLPDNHYLSTQSKLSKDPNEKRDHMVLLEFVTAAGITLGMDELYKGGTGGSMVSKGEELFTGVVPILVELDGDVNGHKFSVSGEGEGDATYGKLTLKFICTTGKLPVPWPTLVTTLVQCFSRYPDHMKQHDFFKSAMPEGYVQERTIFFKDDGNYKTRAEVKFEGDTLVKRIELKGTGFKEDGPILGQKILFGSENPPELKGREISEYYKKKQGQ,0.1,42.0,,,,,,,,8899.0,0.4398,0.4051,0.4348,0.42245,81
"G4FP_r20_l2_cro_mod2, id=6301, T=0.1, seed=42, overall_confidence=0.4410, ligand_confidence=0.4039, seq_rec=0.4457",HPGHLKGREIGMWYREKQAKKLAKKRKIYIEADPANRGINQHWTDEYPLLDGSTLTADVEQQNTPIGDGPVLLPDNHYLSTQSKLSKDPNEKRDHMVLLEFVTAAGITLGMDELYKGGTGGSMVSKGEELFTGVVPILVELDGDVNGHKFSVSGEGEGDATYGKLTLKFICTTGKLPVPWPTLVTTLVQCFSRYPDHMKQHDFFKSAMPEGYVQERTIFFKDDGNYKTRAEVKFEGDTLVKRIELKGTGFKEDGPILGQKILFGSENPPELKGREISEYYKKKQGQ,0.1,42.0,,,,,,,,6301.0,0.441,0.4039,0.4457,0.42245,82
"G4FP_r20_l2_cro_mod2, id=9357, T=0.1, seed=42, overall_confidence=0.4338, ligand_confidence=0.4110, seq_rec=0.4348",HPGHLKGREIGMWYAEKRAKKLAETVDIHISADPANRGINQHWTRKLPLIDGSTLEADVEQQNTPIGDGPVLLPDNHYLSTQSKLSKDPNEKRDHMVLLEFVTAAGITLGMDELYKGGTGGSMVSKGEELFTGVVPILVELDGDVNGHKFSVSGEGEGDATYGKLTLKFICTTGKLPVPWPTLVTTLVQCFSRYPDHMKQHDFFKSAMPEGYVQERTIFFKDDGNYKTRAEVKFEGDTLVKRIELKGTGFKEDGPILGQKILFGSENPPELKGREISEYYKKKQGQ,0.1,42.0,,,,,,,,9357.0,0.4338,0.411,0.4348,0.4224,83
"G4FP_r20_l2_cro_mod2, id=5328, T=0.1, seed=42, overall_confidence=0.4345, ligand_confidence=0.4101, seq_rec=0.4130",HPGHLKGREIGMWYREKQKKKLAETVKIHIEADPANRGINQHWTRKYPLLDGSTLTADVKQQNTPIGDGPVLLPDNHYLSTQSKLSKDPNEKRDHMVLLEFVTAAGITLGMDELYKGGTGGSMVSKGEELFTGVVPILVELDGDVNGHKFSVSGEGEGDATYGKLTLKFICTTGKLPVPWPTLVTTLVQCFSRYPDHMKQHDFFKSAMPEGYVQERTIFFKDDGNYKTRAEVKFEGDTLVKRIKLEGTGFKEDGPILGQKIKFGSENPPELKGREISEYYRKKQGQ,0.1,42.0,,,,,,,,5328.0,0.4345,0.4101,0.413,0.4223,84
"G4FP_r20_l2_cro_mod2, id=932, T=0.1, seed=42, overall_confidence=0.4357, ligand_confidence=0.4089, seq_rec=0.4348",HPGHLKGREIGMWYREKQKKKLAEKVDIHISADPANRGINQHWTRKLPLIDGSTLEADVQQQNTPIGDGPVLLPDNHYLSTQSKLSKDPNEKRDHMVLLEFVTAAGITLGMDELYKGGTGGSMVSKGEELFTGVVPILVELDGDVNGHKFSVSGEGEGDATYGKLTLKFICTTGKLPVPWPTLVTTLVQCFSRYPDHMKQHDFFKSAMPEGYVQERTIFFKDDGNYKTRAEVKFEGDTLVSRIELKGTGFKEDGPILGQKILFGSENPPELKGREISEYYKKKQGQ,0.1,42.0,,,,,,,,932.0,0.4357,0.4089,0.4348,0.4223,85
"G4FP_r20_l2_cro_mod2, id=5694, T=0.1, seed=42, overall_confidence=0.4383, ligand_confidence=0.4059, seq_rec=0.4130",HPGHLKGREIGMWYREKQKKKLARKVKIHIRANPANRGIDQEWTEEYPLVDGSTLKADVKQQNTPIGDGPVLLPDNHYLSTQSKLSKDPNEKRDHMVLLEFVTAAGITLGMDELYKGGTGGSMVSKGEELFTGVVPILVELDGDVNGHKFSVSGEGEGDATYGKLTLKFICTTGKLPVPWPTLVTTLVQCFSRYPDHMKQHDFFKSAMPEGYVQERTIFFKDDGNYKTRAEVKFEGDTLVKRIELKGTGFKEDGPILGQKILFQSENPPELKGREISEYYKRKQGQ,0.1,42.0,,,,,,,,5694.0,0.4383,0.4059,0.413,0.42210000000000003,86
"G4FP_r20_l2_cro_mod2, id=1251, T=0.1, seed=42, overall_confidence=0.4352, ligand_confidence=0.4090, seq_rec=0.4239",HPGHLKGREIGMWYREKQKKKRAEKVKIHISADPANRGINQHWTRELPLLDGSTLTADVEQQNTPIGDGPVLLPDNHYLSTQSKLSKDPNEKRDHMVLLEFVTAAGITLGMDELYKGGTGGSMVSKGEELFTGVVPILVELDGDVNGHKFSVSGEGEGDATYGKLTLKFICTTGKLPVPWPTLVTTLVQCFSRYPDHMKQHDFFKSAMPEGYVQERTIFFKDDGNYKTRAEVKFEGDTLVKRIELKGTGFKEDGPILGQKILFGSENPPELKGREISEYYRQKQGQ,0.1,42.0,,,,,,,,1251.0,0.4352,0.409,0.4239,0.4221,87
"G4FP_r20_l2_cro_mod2, id=1317, T=0.1, seed=42, overall_confidence=0.4338, ligand_confidence=0.4103, seq_rec=0.4130",HPGHLKGREIGMWYREKQKKKLAETVKIHISADPANRGINQHWTRKLPLLDGSTLEADVQQQNTPIGDGPVLLPDNHYLSTQSKLSKDPNEKRDHMVLLEFVTAAGITLGMDELYKGGTGGSMVSKGEELFTGVVPILVELDGDVNGHKFSVSGEGEGDATYGKLTLKFICTTGKLPVPWPTLVTTLVQCFSRYPDHMKQHDFFKSAMPEGYVQERTIFFKDDGNYKTRAEVKFEGDTLVKRIKLKGTGFKEDGPILGQKILFGSENPPELKGREISEYYRRKQGQ,0.1,42.0,,,,,,,,1317.0,0.4338,0.4103,0.413,0.42205000000000004,88
"G4FP_r20_l2_cro_mod2, id=2090, T=0.1, seed=42, overall_confidence=0.4322, ligand_confidence=0.4119, seq_rec=0.4239",HPGHLKGREIGMWYREKQKKKLAETYDIHVRANPERRGIDVSYTRKYPLLDGSTLEADVKQQNTPIGDGPVLLPDNHYLSTQSKLSKDPNEKRDHMVLLEFVTAAGITLGMDELYKGGTGGSMVSKGEELFTGVVPILVELDGDVNGHKFSVSGEGEGDATYGKLTLKFICTTGKLPVPWPTLVTTLVQCFSRYPDHMKQHDFFKSAMPEGYVQERTIFFKDDGNYKTRAEVKFEGDTLVKRIELKGTGFKEDGPILGQKILFGSENPPELKGREISEYYRKKQGQ,0.1,42.0,,,,,,,,2090.0,0.4322,0.4119,0.4239,0.42205,89
"G4FP_r20_l2_cro_mod2, id=8159, T=0.1, seed=42, overall_confidence=0.4354, ligand_confidence=0.4086, seq_rec=0.4457",HPGHLKGREIGMWYREKQKKKRYTTVKIHIEADPANRGIRQHWTVELPLLDGSTLKADVQQQNTPIGDGPVLLPDNHYLSTQSKLSKDPNEKRDHMVLLEFVTAAGITLGMDELYKGGTGGSMVSKGEELFTGVVPILVELDGDVNGHKFSVSGEGEGDATYGKLTLKFICTTGKLPVPWPTLVTTLVQCFSRYPDHMKQHDFFKSAMPEGYVQERTIFFKDDGNYKTRAEVKFEGDTLVKRIELKGTGFKEDGPILGQKILFGSENPPELKGREISEYYKKKQGQ,0.1,42.0,,,,,,,,8159.0,0.4354,0.4086,0.4457,0.42200000000000004,90
"G4FP_r20_l2_cro_mod2, id=8057, T=0.1, seed=42, overall_confidence=0.4440, ligand_confidence=0.4000, seq_rec=0.4239",HPGHLKGREIGMWYREKQKKKLAETVDIHISADPANRGINQHWTRKLPLIDGSTLEADVEQQNTPIGDGPVLLPDNHYLSTQSKLSKDPNEKRDHMVLLEFVTAAGITLGMDELYKGGTGGSMVSKGEELFTGVVPILVELDGDVNGHKFSVSGEGEGDATYGKLTLKFICTTGKLPVPWPTLVTTLVQCFSRYPDHMKQHDFFKSAMPEGYVQERTIFFKDDGNYKTRAEVKFEGDTLVKRIELKGTGFKEDGPILGQKILFGSENPPELKGREISEYYRRKQGQ,0.1,42.0,,,,,,,,8057.0,0.444,0.4,0.4239,0.42200000000000004,91
"G4FP_r20_l2_cro_mod2, id=3206, T=0.1, seed=42, overall_confidence=0.4293, ligand_confidence=0.4146, seq_rec=0.4565",HPGHLKGREIGMWYREKQKKKLAEKRKIHISADPANRGINVHFTVEYPLIDGSTLTADVQQQNTPIGDGPVLLPDNHYLSTQSKLSKDPNEKRDHMVLLEFVTAAGITLGMDELYKGGTGGSMVSKGEELFTGVVPILVELDGDVNGHKFSVSGEGEGDATYGKLTLKFICTTGKLPVPWPTLVTTLVQCFSRYPDHMKQHDFFKSAMPEGYVQERTIFFKDDGNYKTRAEVKFEGDTLVKRIELKGTGFKEDGPILGQKILFGSENPPELKGREISEYYKKKQGQ,0.1,42.0,,,,,,,,3206.0,0.4293,0.4146,0.4565,0.42195000000000005,92
"G4FP_r20_l2_cro_mod2, id=7664, T=0.1, seed=42, overall_confidence=0.4357, ligand_confidence=0.4082, seq_rec=0.4130",HPGHLKGREIGMWYREKRSKKLWEKYDIHISADPANRGINQHWTRELPLIDGSTLKADVQQQNTPIGDGPVLLPDNHYLSTQSKLSKDPNEKRDHMVLLEFVTAAGITLGMDELYKGGTGGSMVSKGEELFTGVVPILVELDGDVNGHKFSVSGEGEGDATYGKLTLKFICTTGKLPVPWPTLVTTLVQCFSRYPDHMKQHDFFKSAMPEGYVQERTIFFKDDGNYKTRAEVKFEGDTLVKRIELKGTGFKEDGPILGQKILFGSENPPELKGREISEYYKRKQGQ,0.1,42.0,,,,,,,,7664.0,0.4357,0.4082,0.413,0.42195,93
"G4FP_r20_l2_cro_mod2, id=3594, T=0.1, seed=42, overall_confidence=0.4341, ligand_confidence=0.4098, seq_rec=0.4022",HPGHLKGREIGMWYAEKRKKKLAETVKIHISADPANRGINQEWTRKYPLLDGSTLTADVKQQNTPIGDGPVLLPDNHYLSTQSKLSKDPNEKRDHMVLLEFVTAAGITLGMDELYKGGTGGSMVSKGEELFTGVVPILVELDGDVNGHKFSVSGEGEGDATYGKLTLKFICTTGKLPVPWPTLVTTLVQCFSRYPDHMKQHDFFKSAMPEGYVQERTIFFKDDGNYKTRAEVKFEGDTLVKRIKLEGTGFKEDGPVLGQKILFGSENPPELKGREISEYYKKKQGQ,0.1,42.0,,,,,,,,3594.0,0.4341,0.4098,0.4022,0.42195,94
"G4FP_r20_l2_cro_mod2, id=5455, T=0.1, seed=42, overall_confidence=0.4398, ligand_confidence=0.4040, seq_rec=0.4348",HPGHLKGREIGMWYAEKQSKKLAETVDIHIRADPANRGINQEWTRKYPLKDGSTLEADVKQQNTPIGDGPVLLPDNHYLSTQSKLSKDPNEKRDHMVLLEFVTAAGITLGMDELYKGGTGGSMVSKGEELFTGVVPILVELDGDVNGHKFSVSGEGEGDATYGKLTLKFICTTGKLPVPWPTLVTTLVQCFSRYPDHMKQHDFFKSAMPEGYVQERTIFFKDDGNYKTRAEVKFEGDTLVSRIELKGTGFKEDGPILGQKILFGSENPPELKGREISEYYKEKQGQ,0.1,42.0,,,,,,,,5455.0,0.4398,0.404,0.4348,0.42190000000000005,95
"G4FP_r20_l2_cro_mod2, id=9612, T=0.1, seed=42, overall_confidence=0.4405, ligand_confidence=0.4033, seq_rec=0.4348",HPGHLKGREIGMWYYEKQKKKLAKKVDIHIEADPANRGINQHWTEKYPLLDGSTLTADVFQQNTPIGDGPVLLPDNHYLSTQSKLSKDPNEKRDHMVLLEFVTAAGITLGMDELYKGGTGGSMVSKGEELFTGVVPILVELDGDVNGHKFSVSGEGEGDATYGKLTLKFICTTGKLPVPWPTLVTTLVQCFSRYPDHMKQHDFFKSAMPEGYVQERTIFFKDDGNYKTRAEVKFEGDTLVKRIELKGTGFKEDGPILGQKILFQSENPPELKGREISEYYKKKQGQ,0.1,42.0,,,,,,,,9612.0,0.4405,0.4033,0.4348,0.4219,96
"G4FP_r20_l2_cro_mod2, id=4090, T=0.1, seed=42, overall_confidence=0.4401, ligand_confidence=0.4036, seq_rec=0.4239",HPGHLKGREIGMWYREKQSKKLAETYDIHISADPANRGINQHWTRKYPLLDGSTLTADVQQQNTPIGDGPVLLPDNHYLSTQSKLSKDPNEKRDHMVLLEFVTAAGITLGMDELYKGGTGGSMVSKGEELFTGVVPILVELDGDVNGHKFSVSGEGEGDATYGKLTLKFICTTGKLPVPWPTLVTTLVQCFSRYPDHMKQHDFFKSAMPEGYVQERTIFFKDDGNYKTRAEVKFEGDTLVKRIELKGTGFKEDGPVLGQKILFGSENPPELKGREISEYYRKKQGQ,0.1,42.0,,,,,,,,4090.0,0.4401,0.4036,0.4239,0.42185,97
"G4FP_r20_l2_cro_mod2, id=4597, T=0.1, seed=42, overall_confidence=0.4415, ligand_confidence=0.4022, seq_rec=0.4348",HPGHLKGREIGMWYREKQKKKLAETVDIHISADPANRGITQHWTRKYPLLDGSTLTADVQQQNTPIGDGPVLLPDNHYLSTQSKLSKDPNEKRDHMVLLEFVTAAGITLGMDELYKGGTGGSMVSKGEELFTGVVPILVELDGDVNGHKFSVSGEGEGDATYGKLTLKFICTTGKLPVPWPTLVTTLVQCFSRYPDHMKQHDFFKSAMPEGYVQERTIFFKDDGNYKTRAEVKFEGDTLVKRIELKGTGFKEDGPILGQKILFGSENPPELKGREISEYYRKKQGQ,0.1,42.0,,,,,,,,4597.0,0.4415,0.4022,0.4348,0.42185,98
"G4FP_r20_l2_cro_mod2, id=3316, T=0.1, seed=42, overall_confidence=0.4360, ligand_confidence=0.4077, seq_rec=0.4348",HPGHLKGREIGMWYREKQSKKLAETYDIHIEADPANRGIRQHWTREYPLLDGSTLKADVEQQNTPIGDGPVLLPDNHYLSTQSKLSKDPNEKRDHMVLLEFVTAAGITLGMDELYKGGTGGSMVSKGEELFTGVVPILVELDGDVNGHKFSVSGEGEGDATYGKLTLKFICTTGKLPVPWPTLVTTLVQCFSRYPDHMKQHDFFKSAMPEGYVQERTIFFKDDGNYKTRAEVKFEGDTLVKRIELKGTGFKEDGPILGQKILFGSENPPELKGREISEYYRKKQGQ,0.1,42.0,,,,,,,,3316.0,0.436,0.4077,0.4348,0.42185,99
